dataset,sweep,panel,level,n_H_level,method,excess,se,tau,tau_se,n_H,n_L,n
arena_33k,budget,all,-1.0,-1,consensus_cal,0.008875543362421945,0.00037761446056749,0.8667368421052631,0.005091596976549645,3801.82,210335.38,50
arena_33k,budget,all,-1.0,-1,dial_margin_1,0.008394582871081371,0.00039999349604997927,0.876842105263158,0.004898194729293933,3801.82,210335.38,50
arena_33k,budget,all,-1.0,-1,dial_mu,0.008145284088781908,0.00039175374514568826,0.8802105263157896,0.004667859076828303,3801.82,210335.38,50
arena_33k,budget,all,-1.0,-1,human_only,0.008609624289417363,0.00040746629471867307,0.8736842105263158,0.0047837514949133405,3801.82,210335.38,50
arena_33k,budget,all,50.0,-1,consensus_cal,0.020698223573871407,0.0020649009488055573,0.8667368421052631,0.005091596976549645,50.0,210335.38,50
arena_33k,budget,all,50.0,-1,dial_margin_1,0.02069822357387136,0.0020649009488055577,0.8667368421052631,0.005091596976549645,50.0,210335.38,50
arena_33k,budget,all,50.0,-1,dial_mu,0.023536863270209166,0.002776435412685799,0.8673684210526317,0.004914326207028028,50.0,210335.38,50
arena_33k,budget,all,50.0,-1,human_only,6.65151864442666,0.4613866634311344,0.41246271965253906,0.0194424495317987,50.0,210335.38,50
arena_33k,budget,all,100.0,-1,consensus_cal,0.016270678617051112,0.001677280373916361,0.8667368421052631,0.005091596976549645,100.0,210335.38,50
arena_33k,budget,all,100.0,-1,dial_margin_1,0.016270678617051067,0.0016772803739163612,0.8667368421052631,0.005091596976549643,100.0,210335.38,50
arena_33k,budget,all,100.0,-1,dial_mu,0.016476461543242477,0.001656009408971782,0.8663157894736843,0.005097278573437081,100.0,210335.38,50
arena_33k,budget,all,100.0,-1,human_only,1.016990651818774,0.0994134634590339,0.5050526315789474,0.017408546560740038,100.0,210335.38,50
arena_33k,budget,all,200.0,-1,consensus_cal,0.012062997913317467,0.0006776457939460548,0.8667368421052631,0.005091596976549645,200.0,210335.38,50
arena_33k,budget,all,200.0,-1,dial_margin_1,0.01600777569026657,0.003685763017903855,0.8608421052631579,0.007429788947743825,200.0,210335.38,50
arena_33k,budget,all,200.0,-1,dial_mu,0.016264597839311536,0.0037035770740817646,0.8616842105263158,0.007584733439986191,200.0,210335.38,50
arena_33k,budget,all,200.0,-1,human_only,0.221965216836939,0.03284410171220087,0.6435789473684211,0.011894004901294027,200.0,210335.38,50
arena_33k,budget,all,400.0,-1,consensus_cal,0.010254438135794358,0.00043290378372901994,0.8667368421052631,0.005091596976549645,400.0,210335.38,50
arena_33k,budget,all,400.0,-1,dial_margin_1,0.01032721497622732,0.000422008238033599,0.8652631578947368,0.00515682051112248,400.0,210335.38,50
arena_33k,budget,all,400.0,-1,dial_mu,0.010321130055955599,0.0004520450489955278,0.868,0.004785736434515132,400.0,210335.38,50
arena_33k,budget,all,400.0,-1,human_only,0.04890789823432466,0.009195314652113179,0.7357894736842105,0.01028399932939619,400.0,210335.38,50
arena_33k,budget,all,800.0,-1,consensus_cal,0.009568352618919475,0.0003800950176110918,0.8667368421052631,0.005091596976549645,800.0,210335.38,50
arena_33k,budget,all,800.0,-1,dial_margin_1,0.009534447591552692,0.0003948467301932557,0.8686315789473684,0.004925724532348454,800.0,210335.38,50
arena_33k,budget,all,800.0,-1,dial_mu,0.009571448403698784,0.00041008790012136563,0.8669473684210527,0.005335782504335663,800.0,210335.38,50
arena_33k,budget,all,800.0,-1,human_only,0.019225541549695854,0.0008606710423654208,0.8031578947368422,0.007538320516989041,800.0,210335.38,50
arena_33k,budget,all,1600.0,-1,consensus_cal,0.009210820524942384,0.00039209345101702526,0.8667368421052631,0.005091596976549645,1600.0,210335.38,50
arena_33k,budget,all,1600.0,-1,dial_margin_1,0.00928588939764064,0.0004175750945405116,0.8650526315789474,0.004975512425490129,1600.0,210335.38,50
arena_33k,budget,all,1600.0,-1,dial_mu,0.009085492392303163,0.0004209386554509721,0.8677894736842106,0.004794705656151493,1600.0,210335.38,50
arena_33k,budget,all,1600.0,-1,human_only,0.012400333814112272,0.0005790125195998824,0.8387368421052632,0.006368842694939281,1600.0,210335.38,50
arena_33k,budget,large6,-1.0,-1,consensus_cal,0.009632900810540386,0.0003940869336161291,0.8663157894736843,0.004360902255639099,3801.82,60679.62,50
arena_33k,budget,large6,-1.0,-1,dial_margin_1,0.008481532629405975,0.0004222469102959389,0.8753684210526316,0.004672410583082935,3801.82,60679.62,50
arena_33k,budget,large6,-1.0,-1,dial_mu,0.008355283019817132,0.0003877695554305941,0.876421052631579,0.004539361212199659,3801.82,60679.62,50
arena_33k,budget,large6,-1.0,-1,human_only,0.008609624289417363,0.00040746629471867307,0.8736842105263158,0.0047837514949133405,3801.82,210335.38,50
arena_33k,budget,large6,50.0,-1,consensus_cal,0.021307706721054122,0.002039776291747994,0.8663157894736843,0.004360902255639099,50.0,60679.62,50
arena_33k,budget,large6,50.0,-1,dial_margin_1,0.03200891811077744,0.005479839233465375,0.8631578947368422,0.005200486155124984,50.0,60679.62,50
arena_33k,budget,large6,50.0,-1,dial_mu,0.035338025416268834,0.0057261101338604275,0.8528421052631578,0.005484002503007581,50.0,60679.62,50
arena_33k,budget,large6,50.0,-1,human_only,6.65151864442666,0.4613866634311344,0.41246271965253906,0.0194424495317987,50.0,210335.38,50
arena_33k,budget,large6,100.0,-1,consensus_cal,0.016948670686163472,0.0016941644374756839,0.8663157894736843,0.004360902255639099,100.0,60679.62,50
arena_33k,budget,large6,100.0,-1,dial_margin_1,0.01731340619800469,0.0016973439580161226,0.8656842105263158,0.004353740554393401,100.0,60679.62,50
arena_33k,budget,large6,100.0,-1,dial_mu,0.01897910959263202,0.0017012809494729572,0.8572631578947368,0.004869580667190157,100.0,60679.62,50
arena_33k,budget,large6,100.0,-1,human_only,1.016990651818774,0.0994134634590339,0.5050526315789474,0.017408546560740038,100.0,210335.38,50
arena_33k,budget,large6,200.0,-1,consensus_cal,0.012868736446435769,0.0006770470616327155,0.8663157894736843,0.004360902255639099,200.0,60679.62,50
arena_33k,budget,large6,200.0,-1,dial_margin_1,0.015703834459970072,0.0013520606136522772,0.8578947368421054,0.004879693455515174,200.0,60679.62,50
arena_33k,budget,large6,200.0,-1,dial_mu,0.016025880787442322,0.0013927486738360506,0.8541052631578948,0.005380097240996056,200.0,60679.62,50
arena_33k,budget,large6,200.0,-1,human_only,0.221965216836939,0.03284410171220087,0.6435789473684211,0.011894004901294027,200.0,210335.38,50
arena_33k,budget,large6,400.0,-1,consensus_cal,0.01097386180484932,0.0004517393799590141,0.8663157894736843,0.004360902255639099,400.0,60679.62,50
arena_33k,budget,large6,400.0,-1,dial_margin_1,0.011718101900726852,0.00045690545524518065,0.8597894736842107,0.005186901927773855,400.0,60679.62,50
arena_33k,budget,large6,400.0,-1,dial_mu,0.011678678433418495,0.0004881756621955277,0.8618947368421053,0.005266508063722714,400.0,60679.62,50
arena_33k,budget,large6,400.0,-1,human_only,0.04890789823432466,0.009195314652113179,0.7357894736842105,0.01028399932939619,400.0,210335.38,50
arena_33k,budget,large6,800.0,-1,consensus_cal,0.010316103647760528,0.0003967869023316456,0.8663157894736843,0.004360902255639099,800.0,60679.62,50
arena_33k,budget,large6,800.0,-1,dial_margin_1,0.010483692105653596,0.00046262592052774,0.8663157894736843,0.004651942345340757,800.0,60679.62,50
arena_33k,budget,large6,800.0,-1,dial_mu,0.010389185778168759,0.0004647096221414854,0.8652631578947368,0.004886639641886294,800.0,60679.62,50
arena_33k,budget,large6,800.0,-1,human_only,0.019225541549695854,0.0008606710423654208,0.8031578947368422,0.007538320516989041,800.0,210335.38,50
arena_33k,budget,large6,1600.0,-1,consensus_cal,0.009965470568547317,0.0004085616867249392,0.8663157894736843,0.004360902255639099,1600.0,60679.62,50
arena_33k,budget,large6,1600.0,-1,dial_margin_1,0.009627596515759522,0.00043542803561171564,0.8646315789473684,0.004521392171352318,1600.0,60679.62,50
arena_33k,budget,large6,1600.0,-1,dial_mu,0.009503246002866632,0.00043517271214162323,0.8642105263157894,0.00471950521096999,1600.0,60679.62,50
arena_33k,budget,large6,1600.0,-1,human_only,0.012400333814112272,0.0005790125195998824,0.8387368421052632,0.006368842694939281,1600.0,210335.38,50
arena_33k,budget,small6,-1.0,-1,consensus_cal,0.011386648197379263,0.0004965493519103931,0.8509473684210527,0.005416540518425371,3801.82,58305.96,50
arena_33k,budget,small6,-1.0,-1,dial_margin_1,0.008266467557973431,0.00040702261421329984,0.8877894736842106,0.005100471690417674,3801.82,58305.96,50
arena_33k,budget,small6,-1.0,-1,dial_mu,0.00826646755797348,0.00040702261421329984,0.8877894736842106,0.0051004716904176715,3801.82,58305.96,50
arena_33k,budget,small6,-1.0,-1,human_only,0.008609624289417363,0.00040746629471867307,0.8736842105263158,0.0047837514949133405,3801.82,210335.38,50
arena_33k,budget,small6,50.0,-1,consensus_cal,0.023863607078713028,0.002351074879126575,0.8509473684210527,0.005416540518425371,50.0,58305.96,50
arena_33k,budget,small6,50.0,-1,dial_margin_1,0.06332197657217828,0.017845271266446035,0.8402105263157895,0.007064084837391047,50.0,58305.96,50
arena_33k,budget,small6,50.0,-1,dial_mu,0.09222560987269773,0.02393930643898558,0.8195789473684211,0.008522535662023606,50.0,58305.96,50
arena_33k,budget,small6,50.0,-1,human_only,6.65151864442666,0.4613866634311344,0.41246271965253906,0.0194424495317987,50.0,210335.38,50
arena_33k,budget,small6,100.0,-1,consensus_cal,0.01935886532443781,0.0018045618510884208,0.8509473684210527,0.005416540518425371,100.0,58305.96,50
arena_33k,budget,small6,100.0,-1,dial_margin_1,0.02334418906548471,0.0023770122379954644,0.8435789473684211,0.006575470617310142,100.0,58305.96,50
arena_33k,budget,small6,100.0,-1,dial_mu,0.024533680003620398,0.0025383847239920806,0.8383157894736842,0.0071914296263838,100.0,58305.96,50
arena_33k,budget,small6,100.0,-1,human_only,1.016990651818774,0.0994134634590339,0.5050526315789474,0.017408546560740038,100.0,210335.38,50
arena_33k,budget,small6,200.0,-1,consensus_cal,0.014540986732202464,0.0008271627916332734,0.8509473684210527,0.005416540518425371,200.0,58305.96,50
arena_33k,budget,small6,200.0,-1,dial_margin_1,0.0213393076803959,0.0025070165764804397,0.8374736842105264,0.0073185978582881814,200.0,58305.96,50
arena_33k,budget,small6,200.0,-1,dial_mu,0.02173454361011616,0.002522133179065691,0.8341052631578948,0.007234067430194485,200.0,58305.96,50
arena_33k,budget,small6,200.0,-1,human_only,0.221965216836939,0.03284410171220087,0.6435789473684211,0.011894004901294027,200.0,210335.38,50
arena_33k,budget,small6,400.0,-1,consensus_cal,0.01286576762905345,0.0005633616750963217,0.8509473684210527,0.005416540518425371,400.0,58305.96,50
arena_33k,budget,small6,400.0,-1,dial_margin_1,0.013925394934095394,0.0007270531231162953,0.844421052631579,0.007238629795796624,400.0,58305.96,50
arena_33k,budget,small6,400.0,-1,dial_mu,0.013714341670200317,0.0007618333189938147,0.8465263157894738,0.007104940916430688,400.0,58305.96,50
arena_33k,budget,small6,400.0,-1,human_only,0.04890789823432466,0.009195314652113179,0.7357894736842105,0.01028399932939619,400.0,210335.38,50
arena_33k,budget,small6,800.0,-1,consensus_cal,0.012098255249806155,0.0005057889302435264,0.8509473684210527,0.005416540518425371,800.0,58305.96,50
arena_33k,budget,small6,800.0,-1,dial_margin_1,0.011699625719421531,0.0005185012855250588,0.8538947368421053,0.005493478215129956,800.0,58305.96,50
arena_33k,budget,small6,800.0,-1,dial_mu,0.01149430406153006,0.0005340333649161977,0.8553684210526317,0.005625025046897458,800.0,58305.96,50
arena_33k,budget,small6,800.0,-1,human_only,0.019225541549695854,0.0008606710423654208,0.8031578947368422,0.007538320516989041,800.0,210335.38,50
arena_33k,budget,small6,1600.0,-1,consensus_cal,0.011706190960631881,0.0004932091017347347,0.8509473684210527,0.005416540518425371,1600.0,58305.96,50
arena_33k,budget,small6,1600.0,-1,dial_margin_1,0.010805928055591022,0.000498479508251032,0.8541052631578948,0.00580856144489604,1600.0,58305.96,50
arena_33k,budget,small6,1600.0,-1,dial_mu,0.010406095080593664,0.0004916564124324887,0.8574736842105264,0.00598647353122369,1600.0,58305.96,50
arena_33k,budget,small6,1600.0,-1,human_only,0.012400333814112272,0.0005790125195998824,0.8387368421052632,0.006368842694939281,1600.0,210335.38,50
arena_33k,llm_budget,all,500.0,300,consensus_cal,0.05215977839046618,0.0022205290721447174,0.6103157894736843,0.012039432451080688,300.0,500.0,50
arena_33k,llm_budget,all,500.0,300,dial_margin_1,0.03756776054172949,0.002279349436782807,0.7284210526315789,0.010843763234478165,300.0,500.0,50
arena_33k,llm_budget,all,500.0,300,dial_mu,0.03756330773070191,0.002279521008710728,0.7290526315789474,0.010771830693076202,300.0,500.0,50
arena_33k,llm_budget,all,500.0,300,human_only,0.06246475150581651,0.009975275111957732,0.7172631578947368,0.010760068389164597,300.0,500.0,50
arena_33k,llm_budget,all,1000.0,300,consensus_cal,0.0646941159216026,0.004591066292657352,0.6522105263157895,0.015788643014311442,300.0,1000.0,50
arena_33k,llm_budget,all,1000.0,300,dial_margin_1,0.026551251205718097,0.001810069602123598,0.7772631578947369,0.008795951355395322,300.0,1000.0,50
arena_33k,llm_budget,all,1000.0,300,dial_mu,0.026324357343795183,0.0018106492126515308,0.7776842105263158,0.008858866013112084,300.0,1000.0,50
arena_33k,llm_budget,all,1000.0,300,human_only,0.06246475150581651,0.009975275111957732,0.7172631578947368,0.010760068389164597,300.0,1000.0,50
arena_33k,llm_budget,all,2000.0,300,consensus_cal,0.050574753192766636,0.005775101889562277,0.779578947368421,0.011258770238663481,300.0,2000.0,50
arena_33k,llm_budget,all,2000.0,300,dial_margin_1,0.018879673279301002,0.0017040680705642903,0.8155789473684212,0.007325268762300424,300.0,2000.0,50
arena_33k,llm_budget,all,2000.0,300,dial_mu,0.018903869810257695,0.001712016922702683,0.8157894736842105,0.00744171009423075,300.0,2000.0,50
arena_33k,llm_budget,all,2000.0,300,human_only,0.06246475150581651,0.009975275111957732,0.7172631578947368,0.010760068389164597,300.0,2000.0,50
arena_33k,llm_budget,all,5000.0,300,consensus_cal,0.03300630068775506,0.005188197968561917,0.8360000000000001,0.007373574996642001,300.0,5000.0,50
arena_33k,llm_budget,all,5000.0,300,dial_margin_1,0.013885889011917387,0.0009020277575113279,0.8397894736842106,0.00656362985907217,300.0,5000.0,50
arena_33k,llm_budget,all,5000.0,300,dial_mu,0.014069749334490782,0.0009079871875310331,0.8416842105263158,0.006818251403958834,300.0,5000.0,50
arena_33k,llm_budget,all,5000.0,300,human_only,0.06246475150581651,0.009975275111957732,0.7172631578947368,0.010760068389164597,300.0,5000.0,50
arena_33k,llm_budget,all,20000.0,300,consensus_cal,0.010796776104835143,0.0005147760171318372,0.8610526315789474,0.004840143440430401,300.0,20000.0,50
arena_33k,llm_budget,all,20000.0,300,dial_margin_1,0.01164655150137129,0.0007584820196673589,0.860421052631579,0.00540358316891419,300.0,20000.0,50
arena_33k,llm_budget,all,20000.0,300,dial_mu,0.01199632159526013,0.00080882518454478,0.8591578947368421,0.00564172369936356,300.0,20000.0,50
arena_33k,llm_budget,all,20000.0,300,human_only,0.06246475150581651,0.009975275111957732,0.7172631578947368,0.010760068389164597,300.0,20000.0,50
arena_33k,llm_budget,large6,500.0,300,consensus_cal,0.07295782800204952,0.0038967588967020557,0.6431578947368422,0.014875061490634623,300.0,500.0,50
arena_33k,llm_budget,large6,500.0,300,dial_margin_1,0.030948701176413098,0.0022527297790056857,0.768842105263158,0.007743762295282485,300.0,500.0,50
arena_33k,llm_budget,large6,500.0,300,dial_mu,0.030525236742706113,0.0022755240441112634,0.768842105263158,0.007743762295282485,300.0,500.0,50
arena_33k,llm_budget,large6,500.0,300,human_only,0.06246475150581651,0.009975275111957732,0.7172631578947368,0.010760068389164597,300.0,500.0,50
arena_33k,llm_budget,large6,1000.0,300,consensus_cal,0.054455863201143366,0.0065046971930398,0.7484210526315789,0.011547658144209317,300.0,1000.0,50
arena_33k,llm_budget,large6,1000.0,300,dial_margin_1,0.02512107451783566,0.0033294168637839445,0.7903157894736842,0.0077838398065903135,300.0,1000.0,50
arena_33k,llm_budget,large6,1000.0,300,dial_mu,0.026088099493933155,0.003718507986463336,0.7947368421052632,0.007907258240682651,300.0,1000.0,50
arena_33k,llm_budget,large6,1000.0,300,human_only,0.06246475150581651,0.009975275111957732,0.7172631578947368,0.010760068389164597,300.0,1000.0,50
arena_33k,llm_budget,large6,2000.0,300,consensus_cal,0.016804649542569085,0.00115626794407103,0.8233684210526316,0.00553162754288651,300.0,2000.0,50
arena_33k,llm_budget,large6,2000.0,300,dial_margin_1,0.017288098937145224,0.001240488510054754,0.8229473684210526,0.006716200924131043,300.0,2000.0,50
arena_33k,llm_budget,large6,2000.0,300,dial_mu,0.01718793298694964,0.0012466010781718474,0.8265263157894738,0.006686168171592306,300.0,2000.0,50
arena_33k,llm_budget,large6,2000.0,300,human_only,0.06246475150581651,0.009975275111957732,0.7172631578947368,0.010760068389164597,300.0,2000.0,50
arena_33k,llm_budget,large6,5000.0,300,consensus_cal,0.012373797333157298,0.0005934656314338179,0.8522105263157895,0.004409477968868873,300.0,5000.0,50
arena_33k,llm_budget,large6,5000.0,300,dial_margin_1,0.013902453158306316,0.001081015474178649,0.8469473684210527,0.006016616334170923,300.0,5000.0,50
arena_33k,llm_budget,large6,5000.0,300,dial_mu,0.014336156168029097,0.0011161424110015122,0.8496842105263158,0.006492619430722222,300.0,5000.0,50
arena_33k,llm_budget,large6,5000.0,300,human_only,0.06246475150581651,0.009975275111957732,0.7172631578947368,0.010760068389164597,300.0,5000.0,50
arena_33k,llm_budget,large6,20000.0,300,consensus_cal,0.01105581388490729,0.0005433486881503499,0.8631578947368422,0.004987405699782558,300.0,20000.0,50
arena_33k,llm_budget,large6,20000.0,300,dial_margin_1,0.01221097401220399,0.0009182311667753199,0.860421052631579,0.005892050945559892,300.0,20000.0,50
arena_33k,llm_budget,large6,20000.0,300,dial_mu,0.012675471750868653,0.0009471523444224049,0.8572631578947368,0.006201325814414288,300.0,20000.0,50
arena_33k,llm_budget,large6,20000.0,300,human_only,0.06246475150581651,0.009975275111957732,0.7172631578947368,0.010760068389164597,300.0,20000.0,50
arena_33k,llm_budget,small6,500.0,300,consensus_cal,0.1159585275917901,0.005748873183463873,0.5391578947368422,0.022442398677707802,300.0,500.0,50
arena_33k,llm_budget,small6,500.0,300,dial_margin_1,0.036746947371838944,0.00257266957325915,0.7397894736842106,0.011066851882213305,300.0,500.0,50
arena_33k,llm_budget,small6,500.0,300,dial_mu,0.03656218870061104,0.002556510970080096,0.7402105263157895,0.011023448763229056,300.0,500.0,50
arena_33k,llm_budget,small6,500.0,300,human_only,0.06246475150581651,0.009975275111957732,0.7172631578947368,0.010760068389164597,300.0,500.0,50
arena_33k,llm_budget,small6,1000.0,300,consensus_cal,0.05731277315781025,0.006464896081395872,0.7088421052631579,0.009537249453650733,300.0,1000.0,50
arena_33k,llm_budget,small6,1000.0,300,dial_margin_1,0.029068547402323022,0.0021664447094900414,0.7635789473684211,0.008841338005686308,300.0,1000.0,50
arena_33k,llm_budget,small6,1000.0,300,dial_mu,0.028442047167659953,0.0021664348700790943,0.767578947368421,0.008966442044250112,300.0,1000.0,50
arena_33k,llm_budget,small6,1000.0,300,human_only,0.06246475150581651,0.009975275111957732,0.7172631578947368,0.010760068389164597,300.0,1000.0,50
arena_33k,llm_budget,small6,2000.0,300,consensus_cal,0.022292507769537093,0.0010500501431658454,0.7808421052631579,0.008424757509394032,300.0,2000.0,50
arena_33k,llm_budget,small6,2000.0,300,dial_margin_1,0.022387647206578393,0.001358223293835767,0.8014736842105263,0.0077498921775492075,300.0,2000.0,50
arena_33k,llm_budget,small6,2000.0,300,dial_mu,0.021398711785103684,0.0013259792701457883,0.8107368421052632,0.007635130104555802,300.0,2000.0,50
arena_33k,llm_budget,small6,2000.0,300,human_only,0.06246475150581651,0.009975275111957732,0.7172631578947368,0.010760068389164597,300.0,2000.0,50
arena_33k,llm_budget,small6,5000.0,300,consensus_cal,0.01582642262077659,0.0006670011481129788,0.8178947368421053,0.005818208157038531,300.0,5000.0,50
arena_33k,llm_budget,small6,5000.0,300,dial_margin_1,0.017204514035223863,0.0011385358279889506,0.8237894736842105,0.00651188592208101,300.0,5000.0,50
arena_33k,llm_budget,small6,5000.0,300,dial_mu,0.017246296566065262,0.001157764655860367,0.8244210526315789,0.00643243519292384,300.0,5000.0,50
arena_33k,llm_budget,small6,5000.0,300,human_only,0.06246475150581651,0.009975275111957732,0.7172631578947368,0.010760068389164597,300.0,5000.0,50
arena_33k,llm_budget,small6,20000.0,300,consensus_cal,0.01319339318952858,0.0005920951179242618,0.8391578947368421,0.0060602809739841185,300.0,20000.0,50
arena_33k,llm_budget,small6,20000.0,300,dial_margin_1,0.014900482592210948,0.0011445513145206176,0.8385263157894737,0.007284220460309998,300.0,20000.0,50
arena_33k,llm_budget,small6,20000.0,300,dial_mu,0.014936140216117236,0.0011630106203321493,0.8427368421052631,0.0070942389712703715,300.0,20000.0,50
arena_33k,llm_budget,small6,20000.0,300,human_only,0.06246475150581651,0.009975275111957732,0.7172631578947368,0.010760068389164597,300.0,20000.0,50
mt_bench,budget,all,-1.0,-1,consensus_cal,0.010668436710560529,0.0007519352511892794,0.9279999999999999,0.009493284414763513,421.7,22935.14,50
mt_bench,budget,all,-1.0,-1,dial_margin_1,0.01093973617440127,0.0007472197450926232,0.9253333333333333,0.009454989444564469,421.7,22935.14,50
mt_bench,budget,all,-1.0,-1,dial_mu,0.01085385366174891,0.0007458958694491479,0.9226666666666666,0.00940111442228805,421.7,22935.14,50
mt_bench,budget,all,-1.0,-1,human_only,0.011325863220746208,0.0008484639293739566,0.8746666666666666,0.004523558890300159,421.7,22935.14,50
mt_bench,budget,all,20.0,-1,consensus_cal,0.03786237973184158,0.005301292959615666,0.9279999999999999,0.009493284414763513,20.0,22935.14,50
mt_bench,budget,all,20.0,-1,dial_margin_1,0.03786237973184154,0.005301292959615667,0.9279999999999999,0.009493284414763516,20.0,22935.14,50
mt_bench,budget,all,20.0,-1,dial_mu,0.04946662385243518,0.00956492663182258,0.9279999999999999,0.009493284414763513,20.0,22935.14,50
mt_bench,budget,all,20.0,-1,human_only,2.9287701661424013,0.38053023717504164,0.5946666666666666,0.034488290431257215,20.0,22935.14,50
mt_bench,budget,all,40.0,-1,consensus_cal,0.023431234324189407,0.0024598546383384056,0.9279999999999999,0.009493284414763513,40.0,22935.14,50
mt_bench,budget,all,40.0,-1,dial_margin_1,0.029633946154325828,0.006016484394741661,0.9253333333333333,0.010193590979245451,40.0,22935.14,50
mt_bench,budget,all,40.0,-1,dial_mu,0.041599275364013845,0.007838896663118555,0.9039999999999999,0.012657712553018015,40.0,22935.14,50
mt_bench,budget,all,40.0,-1,human_only,0.4589654765261305,0.10186069033227134,0.7413333333333333,0.022346680953999942,40.0,22935.14,50
mt_bench,budget,all,80.0,-1,consensus_cal,0.01490528356136475,0.0013301635717817071,0.9279999999999999,0.009493284414763513,80.0,22935.14,50
mt_bench,budget,all,80.0,-1,dial_margin_1,0.015471608589911616,0.0013633454652402415,0.9279999999999999,0.009493284414763522,80.0,22935.14,50
mt_bench,budget,all,80.0,-1,dial_mu,0.01679429764935801,0.001480718691582669,0.9253333333333333,0.010193590979245446,80.0,22935.14,50
mt_bench,budget,all,80.0,-1,human_only,0.09657760247796546,0.031258056186690836,0.8053333333333333,0.015803785533479265,80.0,22935.14,50
mt_bench,budget,all,160.0,-1,consensus_cal,0.013981167018257211,0.001537203676435259,0.9279999999999999,0.009493284414763513,160.0,22935.14,50
mt_bench,budget,all,160.0,-1,dial_margin_1,0.015275102878261386,0.0018081989089069124,0.9253333333333333,0.010882176653017684,160.0,22935.14,50
mt_bench,budget,all,160.0,-1,dial_mu,0.015677453596467817,0.0017846138770635808,0.9279999999999999,0.010915465738586212,160.0,22935.14,50
mt_bench,budget,all,160.0,-1,human_only,0.04038452197463862,0.015140552505635297,0.8666666666666666,0.017457431218879386,160.0,22935.14,50
mt_bench,budget,all,320.0,-1,consensus_cal,0.011620527802020615,0.0008850898770615002,0.9279999999999999,0.009493284414763513,320.0,22935.14,50
mt_bench,budget,all,320.0,-1,dial_margin_1,0.011852437182273842,0.0008839931557139192,0.9279999999999999,0.009493284414763523,320.0,22935.14,50
mt_bench,budget,all,320.0,-1,dial_mu,0.011805423355539685,0.0009090057021165708,0.9253333333333333,0.009454989444564462,320.0,22935.14,50
mt_bench,budget,all,320.0,-1,human_only,0.013430148524080998,0.0011270246153489132,0.8853333333333333,0.007628565483619344,320.0,22935.14,50
mt_bench,budget,large6,-1.0,-1,consensus_cal,0.010685065873238473,0.000812878821192496,0.9279999999999999,0.009493284414763513,421.7,6756.48,50
mt_bench,budget,large6,-1.0,-1,dial_margin_1,0.010987357885558888,0.0008145643717103903,0.9279999999999999,0.009493284414763522,421.7,6756.48,50
mt_bench,budget,large6,-1.0,-1,dial_mu,0.010533426010067081,0.0007872335293734838,0.9253333333333333,0.00945498944456446,421.7,6756.48,50
mt_bench,budget,large6,-1.0,-1,human_only,0.011325863220746208,0.0008484639293739566,0.8746666666666666,0.004523558890300159,421.7,22935.14,50
mt_bench,budget,large6,20.0,-1,consensus_cal,0.03724521954121537,0.00521750659864888,0.9279999999999999,0.009493284414763513,20.0,6756.48,50
mt_bench,budget,large6,20.0,-1,dial_margin_1,0.039099422703809734,0.005241665632849797,0.9306666666666666,0.009516187426130899,20.0,6756.48,50
mt_bench,budget,large6,20.0,-1,dial_mu,0.0633801530347179,0.012106408724420259,0.9226666666666665,0.012100861085157021,20.0,6756.48,50
mt_bench,budget,large6,20.0,-1,human_only,2.9287701661424013,0.38053023717504164,0.5946666666666666,0.034488290431257215,20.0,22935.14,50
mt_bench,budget,large6,40.0,-1,consensus_cal,0.02373490074580875,0.002599040730890748,0.9279999999999999,0.009493284414763513,40.0,6756.48,50
mt_bench,budget,large6,40.0,-1,dial_margin_1,0.03310573676801066,0.006696136096385365,0.9226666666666666,0.011485572138423881,40.0,6756.48,50
mt_bench,budget,large6,40.0,-1,dial_mu,0.046379892522174344,0.009485407087070298,0.9013333333333332,0.01309168783043016,40.0,6756.48,50
mt_bench,budget,large6,40.0,-1,human_only,0.4589654765261305,0.10186069033227134,0.7413333333333333,0.022346680953999942,40.0,22935.14,50
mt_bench,budget,large6,80.0,-1,consensus_cal,0.015011853262811226,0.0013648399061000677,0.9279999999999999,0.009493284414763513,80.0,6756.48,50
mt_bench,budget,large6,80.0,-1,dial_margin_1,0.017512456174388017,0.0018147166698972367,0.9173333333333333,0.011358515440667112,80.0,6756.48,50
mt_bench,budget,large6,80.0,-1,dial_mu,0.020421592971176235,0.0023178113583296146,0.9066666666666666,0.011586214343425178,80.0,6756.48,50
mt_bench,budget,large6,80.0,-1,human_only,0.09657760247796546,0.031258056186690836,0.8053333333333333,0.015803785533479265,80.0,22935.14,50
mt_bench,budget,large6,160.0,-1,consensus_cal,0.014134641752297127,0.0016108959031615416,0.9279999999999999,0.009493284414763513,160.0,6756.48,50
mt_bench,budget,large6,160.0,-1,dial_margin_1,0.018165491016292386,0.0026764379551428813,0.9173333333333333,0.012571428571428575,160.0,6756.48,50
mt_bench,budget,large6,160.0,-1,dial_mu,0.01817496322521287,0.002655238889993053,0.9199999999999998,0.012634761106115803,160.0,6756.48,50
mt_bench,budget,large6,160.0,-1,human_only,0.04038452197463862,0.015140552505635297,0.8666666666666666,0.017457431218879386,160.0,22935.14,50
mt_bench,budget,large6,320.0,-1,consensus_cal,0.011626246504470434,0.0009387914345317638,0.9279999999999999,0.009493284414763513,320.0,6756.48,50
mt_bench,budget,large6,320.0,-1,dial_margin_1,0.011729334526368469,0.0009326216086395656,0.9279999999999999,0.00949328441476352,320.0,6756.48,50
mt_bench,budget,large6,320.0,-1,dial_mu,0.011535046824229723,0.0009135692399321986,0.9253333333333333,0.009454989444564462,320.0,6756.48,50
mt_bench,budget,large6,320.0,-1,human_only,0.013430148524080998,0.0011270246153489132,0.8853333333333333,0.007628565483619344,320.0,22935.14,50
mt_bench,budget,small6,-1.0,-1,consensus_cal,0.013441628215859258,0.0009117129011921129,0.9066666666666666,0.012196427118919712,421.7,6279.88,50
mt_bench,budget,small6,-1.0,-1,dial_margin_1,0.012869478940975678,0.0009388884960765928,0.9146666666666667,0.010612105354045043,421.7,6279.88,50
mt_bench,budget,small6,-1.0,-1,dial_mu,0.012021597554497172,0.0009222056002374945,0.9199999999999998,0.01007905261357939,421.7,6279.88,50
mt_bench,budget,small6,-1.0,-1,human_only,0.011325863220746208,0.0008484639293739566,0.8746666666666666,0.004523558890300159,421.7,22935.14,50
mt_bench,budget,small6,20.0,-1,consensus_cal,0.04269648388399897,0.0054971715284457085,0.9066666666666666,0.012196427118919712,20.0,6279.88,50
mt_bench,budget,small6,20.0,-1,dial_margin_1,0.11246569613990191,0.03439037704142313,0.8906666666666666,0.017328099680829198,20.0,6279.88,50
mt_bench,budget,small6,20.0,-1,dial_mu,0.14655548906680133,0.0375981743463078,0.8613333333333333,0.020500760452683744,20.0,6279.88,50
mt_bench,budget,small6,20.0,-1,human_only,2.9287701661424013,0.38053023717504164,0.5946666666666666,0.034488290431257215,20.0,22935.14,50
mt_bench,budget,small6,40.0,-1,consensus_cal,0.02594340529837025,0.002379007190147672,0.9066666666666666,0.012196427118919712,40.0,6279.88,50
mt_bench,budget,small6,40.0,-1,dial_margin_1,0.04891561175274694,0.019055429335388906,0.8959999999999999,0.014896163654108313,40.0,6279.88,50
mt_bench,budget,small6,40.0,-1,dial_mu,0.07831802561421541,0.024096860099056105,0.8693333333333332,0.01593182755529637,40.0,6279.88,50
mt_bench,budget,small6,40.0,-1,human_only,0.4589654765261305,0.10186069033227134,0.7413333333333333,0.022346680953999942,40.0,22935.14,50
mt_bench,budget,small6,80.0,-1,consensus_cal,0.017746580975072007,0.001358976025646347,0.9066666666666666,0.012196427118919712,80.0,6279.88,50
mt_bench,budget,small6,80.0,-1,dial_margin_1,0.019786345371820373,0.0016862820934408277,0.8986666666666666,0.012379487092778607,80.0,6279.88,50
mt_bench,budget,small6,80.0,-1,dial_mu,0.023830217306905425,0.0029042202724457026,0.888,0.012839847273411592,80.0,6279.88,50
mt_bench,budget,small6,80.0,-1,human_only,0.09657760247796546,0.031258056186690836,0.8053333333333333,0.015803785533479265,80.0,22935.14,50
mt_bench,budget,small6,160.0,-1,consensus_cal,0.016739083630454427,0.0016365658345402637,0.9066666666666666,0.012196427118919712,160.0,6279.88,50
mt_bench,budget,small6,160.0,-1,dial_margin_1,0.020884438898745326,0.003292866547095261,0.9013333333333332,0.014660481070395323,160.0,6279.88,50
mt_bench,budget,small6,160.0,-1,dial_mu,0.020739074836676242,0.0032654314921317187,0.9039999999999999,0.014274281139196335,160.0,6279.88,50
mt_bench,budget,small6,160.0,-1,human_only,0.04038452197463862,0.015140552505635297,0.8666666666666666,0.017457431218879386,160.0,22935.14,50
mt_bench,budget,small6,320.0,-1,consensus_cal,0.014481288735155947,0.00107756624615655,0.9066666666666666,0.012196427118919712,320.0,6279.88,50
mt_bench,budget,small6,320.0,-1,dial_margin_1,0.014244423742951328,0.001128320884199405,0.9039999999999999,0.010801864288577396,320.0,6279.88,50
mt_bench,budget,small6,320.0,-1,dial_mu,0.013108045643995677,0.001092453274983226,0.9119999999999999,0.009794255338805664,320.0,6279.88,50
mt_bench,budget,small6,320.0,-1,human_only,0.013430148524080998,0.0011270246153489132,0.8853333333333333,0.007628565483619344,320.0,22935.14,50
mt_bench,llm_budget,all,40.0,80,consensus_cal,0.10624836408070097,0.00869063158889262,0.5866666666666667,0.032826072265931594,80.0,40.0,50
mt_bench,llm_budget,all,40.0,80,dial_margin_1,0.050571738846073376,0.005388823154663383,0.7706666666666666,0.021897307220114157,80.0,40.0,50
mt_bench,llm_budget,all,40.0,80,dial_mu,0.0476642503941081,0.005275412439938749,0.7759999999999999,0.021697570843273353,80.0,40.0,50
mt_bench,llm_budget,all,40.0,80,human_only,0.09657760247796546,0.031258056186690836,0.8053333333333333,0.015803785533479265,80.0,40.0,50
mt_bench,llm_budget,all,80.0,80,consensus_cal,0.09937550849935634,0.008287008097511619,0.6346666666666666,0.03137022000158503,80.0,80.0,50
mt_bench,llm_budget,all,80.0,80,dial_margin_1,0.04415531608354932,0.003987522320775713,0.7839999999999999,0.016557191475886267,80.0,80.0,50
mt_bench,llm_budget,all,80.0,80,dial_mu,0.04415531608354937,0.003987522320775713,0.7839999999999999,0.016557191475886267,80.0,80.0,50
mt_bench,llm_budget,all,80.0,80,human_only,0.09657760247796546,0.031258056186690836,0.8053333333333333,0.015803785533479265,80.0,80.0,50
mt_bench,llm_budget,all,160.0,80,consensus_cal,0.07614926139128089,0.006773968084233637,0.6773333333333333,0.025580604897827878,80.0,160.0,50
mt_bench,llm_budget,all,160.0,80,dial_margin_1,0.04740024981914608,0.004522464682489776,0.7839999999999999,0.0178235239090127,80.0,160.0,50
mt_bench,llm_budget,all,160.0,80,dial_mu,0.047400249819146124,0.004522464682489777,0.7839999999999999,0.0178235239090127,80.0,160.0,50
mt_bench,llm_budget,all,160.0,80,human_only,0.09657760247796546,0.031258056186690836,0.8053333333333333,0.015803785533479265,80.0,160.0,50
mt_bench,llm_budget,all,400.0,80,consensus_cal,0.03422098004208684,0.0035825600657990336,0.8506666666666667,0.01730714924434369,80.0,400.0,50
mt_bench,llm_budget,all,400.0,80,dial_margin_1,0.04273871701614462,0.010469141201348542,0.8719999999999999,0.012611767891235698,80.0,400.0,50
mt_bench,llm_budget,all,400.0,80,dial_mu,0.04204552169651741,0.010498808265641294,0.8719999999999999,0.012022654352807237,80.0,400.0,50
mt_bench,llm_budget,all,400.0,80,human_only,0.09657760247796546,0.031258056186690836,0.8053333333333333,0.015803785533479265,80.0,400.0,50
mt_bench,llm_budget,all,1600.0,80,consensus_cal,0.059913335983151225,0.011817912569946997,0.9119999999999999,0.010509039408863788,80.0,1600.0,50
mt_bench,llm_budget,all,1600.0,80,dial_margin_1,0.04500546555365842,0.012866868839641141,0.9013333333333332,0.013091687830430165,80.0,1600.0,50
mt_bench,llm_budget,all,1600.0,80,dial_mu,0.046041090294836676,0.012837013484783602,0.8906666666666666,0.013025006474117145,80.0,1600.0,50
mt_bench,llm_budget,all,1600.0,80,human_only,0.09657760247796546,0.031258056186690836,0.8053333333333333,0.015803785533479265,80.0,1600.0,50
mt_bench,llm_budget,large6,40.0,80,consensus_cal,0.10407105875512164,0.009815089396623436,0.5786666666666666,0.03910286451918122,80.0,40.0,50
mt_bench,llm_budget,large6,40.0,80,dial_margin_1,0.050837639786015895,0.005438054270664071,0.8079999999999999,0.016675099907229932,80.0,40.0,50
mt_bench,llm_budget,large6,40.0,80,dial_mu,0.048987590529749415,0.005461215213443502,0.816,0.015185623945138855,80.0,40.0,50
mt_bench,llm_budget,large6,40.0,80,human_only,0.09657760247796546,0.031258056186690836,0.8053333333333333,0.015803785533479265,80.0,40.0,50
mt_bench,llm_budget,large6,80.0,80,consensus_cal,0.07346334017261918,0.008235611828186972,0.696,0.028004534780173874,80.0,80.0,50
mt_bench,llm_budget,large6,80.0,80,dial_margin_1,0.051313241320760906,0.006771332599285396,0.7866666666666666,0.017868250513613064,80.0,80.0,50
mt_bench,llm_budget,large6,80.0,80,dial_mu,0.0486625588046619,0.006804759600760902,0.7919999999999999,0.016675099907229932,80.0,80.0,50
mt_bench,llm_budget,large6,80.0,80,human_only,0.09657760247796546,0.031258056186690836,0.8053333333333333,0.015803785533479265,80.0,80.0,50
mt_bench,llm_budget,large6,160.0,80,consensus_cal,0.054957309648857006,0.005787516945983622,0.7866666666666666,0.02999622047242594,80.0,160.0,50
mt_bench,llm_budget,large6,160.0,80,dial_margin_1,0.04189595511495648,0.007309572397771999,0.848,0.015711688096991458,80.0,160.0,50
mt_bench,llm_budget,large6,160.0,80,dial_mu,0.041914450774313015,0.007339945707661683,0.8586666666666666,0.015432098362307876,80.0,160.0,50
mt_bench,llm_budget,large6,160.0,80,human_only,0.09657760247796546,0.031258056186690836,0.8053333333333333,0.015803785533479265,80.0,160.0,50
mt_bench,llm_budget,large6,400.0,80,consensus_cal,0.03831240109613972,0.004355371259277626,0.8906666666666666,0.012455453504207094,80.0,400.0,50
mt_bench,llm_budget,large6,400.0,80,dial_margin_1,0.027848891048952114,0.002809270739857411,0.8719999999999999,0.013174564926316634,80.0,400.0,50
mt_bench,llm_budget,large6,400.0,80,dial_mu,0.03832270423748378,0.007428412642387623,0.8746666666666666,0.014954503943916586,80.0,400.0,50
mt_bench,llm_budget,large6,400.0,80,human_only,0.09657760247796546,0.031258056186690836,0.8053333333333333,0.015803785533479265,80.0,400.0,50
mt_bench,llm_budget,large6,1600.0,80,consensus_cal,0.017007149486835797,0.0013637570202078065,0.9226666666666665,0.01014363958529093,80.0,1600.0,50
mt_bench,llm_budget,large6,1600.0,80,dial_margin_1,0.018954761307107562,0.0018026591017702453,0.9146666666666667,0.011275160828151425,80.0,1600.0,50
mt_bench,llm_budget,large6,1600.0,80,dial_mu,0.020470040710820526,0.001961115961682193,0.9013333333333332,0.011931778867326341,80.0,1600.0,50
mt_bench,llm_budget,large6,1600.0,80,human_only,0.09657760247796546,0.031258056186690836,0.8053333333333333,0.015803785533479265,80.0,1600.0,50
mt_bench,llm_budget,small6,40.0,80,consensus_cal,0.16349551117904956,0.01006901344720272,0.4053333333333333,0.037171661602675966,80.0,40.0,50
mt_bench,llm_budget,small6,40.0,80,dial_margin_1,0.046539919728358824,0.004644533895353061,0.7786666666666666,0.017709164646353456,80.0,40.0,50
mt_bench,llm_budget,small6,40.0,80,dial_mu,0.044739821267683846,0.004422514486032459,0.7839999999999999,0.01822609327833247,80.0,40.0,50
mt_bench,llm_budget,small6,40.0,80,human_only,0.09657760247796546,0.031258056186690836,0.8053333333333333,0.015803785533479265,80.0,40.0,50
mt_bench,llm_budget,small6,80.0,80,consensus_cal,0.11926474029906009,0.009557007225381352,0.5386666666666666,0.03303759968879819,80.0,80.0,50
mt_bench,llm_budget,small6,80.0,80,dial_margin_1,0.046543729994609685,0.004675288082133213,0.7919999999999999,0.01985343119359296,80.0,80.0,50
mt_bench,llm_budget,small6,80.0,80,dial_mu,0.05200773086119716,0.007316361461362825,0.7946666666666665,0.020233556914117327,80.0,80.0,50
mt_bench,llm_budget,small6,80.0,80,human_only,0.09657760247796546,0.031258056186690836,0.8053333333333333,0.015803785533479265,80.0,80.0,50
mt_bench,llm_budget,small6,160.0,80,consensus_cal,0.08521092498574392,0.008708586739859477,0.72,0.035173686309751206,80.0,160.0,50
mt_bench,llm_budget,small6,160.0,80,dial_margin_1,0.049857111696491485,0.007382159950405518,0.816,0.019383701688698747,80.0,160.0,50
mt_bench,llm_budget,small6,160.0,80,dial_mu,0.04814120678924182,0.007440558544709573,0.8186666666666667,0.018569230639167905,80.0,160.0,50
mt_bench,llm_budget,small6,160.0,80,human_only,0.09657760247796546,0.031258056186690836,0.8053333333333333,0.015803785533479265,80.0,160.0,50
mt_bench,llm_budget,small6,400.0,80,consensus_cal,0.037276572239001965,0.0036639490537851674,0.8133333333333332,0.023483481916072284,80.0,400.0,50
mt_bench,llm_budget,small6,400.0,80,dial_margin_1,0.03043168933268992,0.0026718554070666463,0.84,0.02051491355098859,80.0,400.0,50
mt_bench,llm_budget,small6,400.0,80,dial_mu,0.040692372571402846,0.007971908638165192,0.8506666666666667,0.018909978889128924,80.0,400.0,50
mt_bench,llm_budget,small6,400.0,80,human_only,0.09657760247796546,0.031258056186690836,0.8053333333333333,0.015803785533479265,80.0,400.0,50
mt_bench,llm_budget,small6,1600.0,80,consensus_cal,0.01972749612795732,0.001392326075585743,0.8933333333333333,0.012634761106115807,80.0,1600.0,50
mt_bench,llm_budget,small6,1600.0,80,dial_margin_1,0.022197329867038183,0.0019049665712008615,0.88,0.013333333333333334,80.0,1600.0,50
mt_bench,llm_budget,small6,1600.0,80,dial_mu,0.025602826769054694,0.0035830393543482843,0.8853333333333333,0.0137407152738068,80.0,1600.0,50
mt_bench,llm_budget,small6,1600.0,80,human_only,0.09657760247796546,0.031258056186690836,0.8053333333333333,0.015803785533479265,80.0,1600.0,50
pandalm,budget,all,-1.0,-1,consensus_cal,0.00767229341091956,0.000703942695440849,0.7839999999999999,0.020475968991050187,421.0,17474.16,50
pandalm,budget,all,-1.0,-1,dial_margin_1,0.007672293410919512,0.0007039426954408484,0.7839999999999999,0.020475968991050194,421.0,17474.16,50
pandalm,budget,all,-1.0,-1,dial_mu,0.00767229341091956,0.000703942695440849,0.7839999999999999,0.020475968991050187,421.0,17474.16,50
pandalm,budget,all,-1.0,-1,human_only,0.008890519308415175,0.0008826957045805825,0.828,0.0161725390835256,421.0,17474.16,50
pandalm,budget,all,20.0,-1,consensus_cal,0.08274765594786668,0.027731303337941205,0.72,0.0488228785446716,20.0,17474.16,50
pandalm,budget,all,20.0,-1,dial_margin_1,0.13270376835608055,0.04095860766062398,0.72,0.04882287854467161,20.0,17474.16,50
pandalm,budget,all,20.0,-1,dial_mu,0.14798607065074035,0.0400951191166728,0.716,0.04951684932774841,20.0,17474.16,50
pandalm,budget,all,20.0,-1,human_only,1.2059745408149387,0.3087769145050419,0.472,0.04703797857658669,20.0,17474.16,50
pandalm,budget,all,40.0,-1,consensus_cal,0.021583968139982534,0.003563676179067542,0.7839999999999999,0.020475968991050187,40.0,17474.16,50
pandalm,budget,all,40.0,-1,dial_margin_1,0.04695005365379808,0.016195466816568846,0.7439999999999999,0.028594276578735554,40.0,17474.16,50
pandalm,budget,all,40.0,-1,dial_mu,0.0523981054842906,0.01618870279998126,0.7439999999999999,0.029159659022109877,40.0,17474.16,50
pandalm,budget,all,40.0,-1,human_only,0.10482631950198343,0.03748118091799727,0.648,0.03639241903563578,40.0,17474.16,50
pandalm,budget,all,80.0,-1,consensus_cal,0.012993930642016255,0.0011562329599406184,0.7839999999999999,0.020475968991050187,80.0,17474.16,50
pandalm,budget,all,80.0,-1,dial_margin_1,0.013375518263388087,0.0011634791227638163,0.7839999999999999,0.020475968991050194,80.0,17474.16,50
pandalm,budget,all,80.0,-1,dial_mu,0.014033393019192108,0.001227472793221673,0.76,0.02490799396308956,80.0,17474.16,50
pandalm,budget,all,80.0,-1,human_only,0.029037220121676553,0.002372347313404012,0.6559999999999999,0.034304756616694014,80.0,17474.16,50
pandalm,budget,all,160.0,-1,consensus_cal,0.009919437262130251,0.0010102000184162374,0.7839999999999999,0.020475968991050187,160.0,17474.16,50
pandalm,budget,all,160.0,-1,dial_margin_1,0.009925114990103137,0.0010096216372134882,0.7839999999999999,0.020475968991050194,160.0,17474.16,50
pandalm,budget,all,160.0,-1,dial_mu,0.010556188169618355,0.0010261200177523655,0.7919999999999999,0.020571428571428567,160.0,17474.16,50
pandalm,budget,all,160.0,-1,human_only,0.018265050210497822,0.0016801528512272457,0.7639999999999999,0.02661287090787432,160.0,17474.16,50
pandalm,budget,all,320.0,-1,consensus_cal,0.007861444185240714,0.0008006182003781862,0.7839999999999999,0.020475968991050187,320.0,17474.16,50
pandalm,budget,all,320.0,-1,dial_margin_1,0.007861444185240669,0.0008006182003781865,0.7839999999999999,0.020475968991050194,320.0,17474.16,50
pandalm,budget,all,320.0,-1,dial_mu,0.007922398134726947,0.0008047784503777294,0.7839999999999999,0.020475968991050187,320.0,17474.16,50
pandalm,budget,all,320.0,-1,human_only,0.009997688513673043,0.0010919863518729304,0.8039999999999999,0.017603339200856417,320.0,17474.16,50
pandalm,budget,large6,-1.0,-1,consensus_cal,0.007698451060313036,0.0007609398763070713,0.828,0.017152378308347007,421.0,4877.6,50
pandalm,budget,large6,-1.0,-1,dial_margin_1,0.0076984510603129875,0.0007609398763070722,0.828,0.017152378308347007,421.0,4877.6,50
pandalm,budget,large6,-1.0,-1,dial_mu,0.007680760932451108,0.0007559344747345779,0.828,0.017152378308347007,421.0,4877.6,50
pandalm,budget,large6,-1.0,-1,human_only,0.008890519308415175,0.0008826957045805825,0.828,0.0161725390835256,421.0,17474.16,50
pandalm,budget,large6,20.0,-1,consensus_cal,0.07726403924029122,0.022880995501463434,0.7639999999999999,0.048719103238957125,20.0,4877.6,50
pandalm,budget,large6,20.0,-1,dial_margin_1,0.23052144887218173,0.06435144799084822,0.728,0.05229742257667452,20.0,4877.6,50
pandalm,budget,large6,20.0,-1,dial_mu,0.2634013606306217,0.06612946340688168,0.7119999999999999,0.05179551631371273,20.0,4877.6,50
pandalm,budget,large6,20.0,-1,human_only,1.2059745408149387,0.3087769145050419,0.472,0.04703797857658669,20.0,17474.16,50
pandalm,budget,large6,40.0,-1,consensus_cal,0.02230766729612013,0.0036841889836009664,0.828,0.017152378308347007,40.0,4877.6,50
pandalm,budget,large6,40.0,-1,dial_margin_1,0.05148726311506437,0.018135987479975572,0.78,0.028713930346059686,40.0,4877.6,50
pandalm,budget,large6,40.0,-1,dial_mu,0.057477065012869206,0.018112217709265754,0.7759999999999999,0.0289348317741078,40.0,4877.6,50
pandalm,budget,large6,40.0,-1,human_only,0.10482631950198343,0.03748118091799727,0.648,0.03639241903563578,40.0,17474.16,50
pandalm,budget,large6,80.0,-1,consensus_cal,0.012786169303067902,0.0011638817489810801,0.828,0.017152378308347007,80.0,4877.6,50
pandalm,budget,large6,80.0,-1,dial_margin_1,0.01413886613679471,0.0013220675264811262,0.828,0.018079190879492998,80.0,4877.6,50
pandalm,budget,large6,80.0,-1,dial_mu,0.014874601268985883,0.0013291464189713284,0.8039999999999999,0.021751847212199176,80.0,4877.6,50
pandalm,budget,large6,80.0,-1,human_only,0.029037220121676553,0.002372347313404012,0.6559999999999999,0.034304756616694014,80.0,17474.16,50
pandalm,budget,large6,160.0,-1,consensus_cal,0.010007686221893835,0.0009960535282894569,0.828,0.017152378308347007,160.0,4877.6,50
pandalm,budget,large6,160.0,-1,dial_margin_1,0.010106016744538995,0.0009949388069594165,0.8319999999999999,0.0165220940512011,160.0,4877.6,50
pandalm,budget,large6,160.0,-1,dial_mu,0.011022325424528018,0.0010463428288187057,0.828,0.017152378308347007,160.0,4877.6,50
pandalm,budget,large6,160.0,-1,human_only,0.018265050210497822,0.0016801528512272457,0.7639999999999999,0.02661287090787432,160.0,17474.16,50
pandalm,budget,large6,320.0,-1,consensus_cal,0.00788896417486173,0.0008496661074842044,0.828,0.017152378308347007,320.0,4877.6,50
pandalm,budget,large6,320.0,-1,dial_margin_1,0.00788896417486168,0.0008496661074842049,0.828,0.017152378308347014,320.0,4877.6,50
pandalm,budget,large6,320.0,-1,dial_mu,0.00793220206692843,0.0008495434948317293,0.828,0.017152378308347007,320.0,4877.6,50
pandalm,budget,large6,320.0,-1,human_only,0.009997688513673043,0.0010919863518729304,0.8039999999999999,0.017603339200856417,320.0,17474.16,50
pandalm,budget,small6,-1.0,-1,consensus_cal,0.00786622405526512,0.0007264594968594822,0.816,0.018813803009319233,421.0,5008.78,50
pandalm,budget,small6,-1.0,-1,dial_margin_1,0.007866224055265067,0.0007264594968594819,0.816,0.018813803009319226,421.0,5008.78,50
pandalm,budget,small6,-1.0,-1,dial_mu,0.007855963678356441,0.00072608600765283,0.816,0.018813803009319233,421.0,5008.78,50
pandalm,budget,small6,-1.0,-1,human_only,0.008890519308415175,0.0008826957045805825,0.828,0.0161725390835256,421.0,17474.16,50
pandalm,budget,small6,20.0,-1,consensus_cal,0.07173563230893971,0.01789256305439835,0.7519999999999999,0.049009786611180724,20.0,5008.78,50
pandalm,budget,small6,20.0,-1,dial_margin_1,0.17689738969145175,0.045293571921956315,0.7119999999999999,0.05242214830253584,20.0,5008.78,50
pandalm,budget,small6,20.0,-1,dial_mu,0.2082438034628979,0.048092017449278754,0.688,0.05273267197741407,20.0,5008.78,50
pandalm,budget,small6,20.0,-1,human_only,1.2059745408149387,0.3087769145050419,0.472,0.04703797857658669,20.0,17474.16,50
pandalm,budget,small6,40.0,-1,consensus_cal,0.022440398625608045,0.00361290773876998,0.816,0.018813803009319233,40.0,5008.78,50
pandalm,budget,small6,40.0,-1,dial_margin_1,0.04414950595109708,0.012714100150988443,0.7519999999999999,0.027736368227455076,40.0,5008.78,50
pandalm,budget,small6,40.0,-1,dial_mu,0.05099917230124551,0.012808107741417505,0.748,0.027883138054299084,40.0,5008.78,50
pandalm,budget,small6,40.0,-1,human_only,0.10482631950198343,0.03748118091799727,0.648,0.03639241903563578,40.0,17474.16,50
pandalm,budget,small6,80.0,-1,consensus_cal,0.01329864504689437,0.0011661550787148436,0.816,0.018813803009319233,80.0,5008.78,50
pandalm,budget,small6,80.0,-1,dial_margin_1,0.01449752796581539,0.0013086824987662256,0.8039999999999999,0.02019496805379691,80.0,5008.78,50
pandalm,budget,small6,80.0,-1,dial_mu,0.014776460188590213,0.001322949198250905,0.7959999999999999,0.02457142857142857,80.0,5008.78,50
pandalm,budget,small6,80.0,-1,human_only,0.029037220121676553,0.002372347313404012,0.6559999999999999,0.034304756616694014,80.0,17474.16,50
pandalm,budget,small6,160.0,-1,consensus_cal,0.010127498518717476,0.0010239471216584484,0.816,0.018813803009319233,160.0,5008.78,50
pandalm,budget,small6,160.0,-1,dial_margin_1,0.01022413535761132,0.0010241090542254263,0.82,0.019166296949998197,160.0,5008.78,50
pandalm,budget,small6,160.0,-1,dial_mu,0.011271336308971985,0.00106980423551667,0.8039999999999999,0.0193696585790609,160.0,5008.78,50
pandalm,budget,small6,160.0,-1,human_only,0.018265050210497822,0.0016801528512272457,0.7639999999999999,0.02661287090787432,160.0,17474.16,50
pandalm,budget,small6,320.0,-1,consensus_cal,0.00805107420574369,0.0007955428461714939,0.816,0.018813803009319233,320.0,5008.78,50
pandalm,budget,small6,320.0,-1,dial_margin_1,0.008051074205743643,0.0007955428461714935,0.816,0.018813803009319233,320.0,5008.78,50
pandalm,budget,small6,320.0,-1,dial_mu,0.008102931752571062,0.0007899843175891608,0.816,0.018813803009319233,320.0,5008.78,50
pandalm,budget,small6,320.0,-1,human_only,0.009997688513673043,0.0010919863518729304,0.8039999999999999,0.017603339200856417,320.0,17474.16,50
pandalm,llm_budget,all,25.0,60,consensus_cal,0.05180227132357317,0.0032917975166788637,0.344,0.04713506429097435,60.0,25.0,50
pandalm,llm_budget,all,25.0,60,dial_margin_1,0.05513516555649285,0.004558682601374361,0.5399999999999999,0.041698627198075496,60.0,25.0,50
pandalm,llm_budget,all,25.0,60,dial_mu,0.052487651907971715,0.0048141212229389895,0.576,0.03774890186265998,60.0,25.0,50
pandalm,llm_budget,all,25.0,60,human_only,0.04890901636011336,0.005108804220110319,0.6399999999999999,0.03129843185743806,60.0,25.0,50
pandalm,llm_budget,all,50.0,60,consensus_cal,0.05341099862482144,0.003603366294581032,0.38799999999999996,0.046916338914528025,60.0,50.0,50
pandalm,llm_budget,all,50.0,60,dial_margin_1,0.057668035951649835,0.004782397223180498,0.4759999999999999,0.04911959582363795,60.0,50.0,50
pandalm,llm_budget,all,50.0,60,dial_mu,0.05031843039801718,0.005090236160772772,0.604,0.03854072852323942,60.0,50.0,50
pandalm,llm_budget,all,50.0,60,human_only,0.04890901636011336,0.005108804220110319,0.6399999999999999,0.03129843185743806,60.0,50.0,50
pandalm,llm_budget,all,100.0,60,consensus_cal,0.058631604189668556,0.003235850798374788,0.33599999999999997,0.05219742741334507,60.0,100.0,50
pandalm,llm_budget,all,100.0,60,dial_margin_1,0.04890901636011333,0.0051088042201103195,0.6399999999999999,0.03129843185743807,60.0,100.0,50
pandalm,llm_budget,all,100.0,60,dial_mu,0.04890901636011336,0.005108804220110319,0.6399999999999999,0.03129843185743806,60.0,100.0,50
pandalm,llm_budget,all,100.0,60,human_only,0.04890901636011336,0.005108804220110319,0.6399999999999999,0.03129843185743806,60.0,100.0,50
pandalm,llm_budget,all,250.0,60,consensus_cal,0.04699248333871719,0.0038623865899912427,0.564,0.05381449618829484,60.0,250.0,50
pandalm,llm_budget,all,250.0,60,dial_margin_1,0.04765081350815897,0.005365759279497433,0.6359999999999999,0.047013675821889464,60.0,250.0,50
pandalm,llm_budget,all,250.0,60,dial_mu,0.04743488428210521,0.005055111573058289,0.6359999999999999,0.04414817351249986,60.0,250.0,50
pandalm,llm_budget,all,250.0,60,human_only,0.04890901636011336,0.005108804220110319,0.6399999999999999,0.03129843185743806,60.0,250.0,50
pandalm,llm_budget,all,1000.0,60,consensus_cal,0.020930847472020436,0.0027311463918064903,0.7239999999999999,0.018857142857142857,60.0,1000.0,50
pandalm,llm_budget,all,1000.0,60,dial_margin_1,0.024927376992667213,0.003856943744101846,0.7319999999999999,0.02029174960521681,60.0,1000.0,50
pandalm,llm_budget,all,1000.0,60,dial_mu,0.02840480428015394,0.004216184215117286,0.72,0.021380899352993952,60.0,1000.0,50
pandalm,llm_budget,all,1000.0,60,human_only,0.04890901636011336,0.005108804220110319,0.6399999999999999,0.03129843185743806,60.0,1000.0,50
pandalm,llm_budget,large6,25.0,60,consensus_cal,0.06665807732310769,0.00446088389420416,0.27599999999999997,0.04911959582363795,60.0,25.0,50
pandalm,llm_budget,large6,25.0,60,dial_margin_1,0.058793929943430794,0.004888723415219281,0.504,0.04398144321118597,60.0,25.0,50
pandalm,llm_budget,large6,25.0,60,dial_mu,0.0574172858349377,0.004947295151919781,0.544,0.0379215086240847,60.0,25.0,50
pandalm,llm_budget,large6,25.0,60,human_only,0.04890901636011336,0.005108804220110319,0.6399999999999999,0.03129843185743806,60.0,25.0,50
pandalm,llm_budget,large6,50.0,60,consensus_cal,0.06333640870188358,0.0034367536000901784,0.22399999999999998,0.04699630901703334,60.0,50.0,50
pandalm,llm_budget,large6,50.0,60,dial_margin_1,0.06185646920434049,0.004958638538444939,0.4599999999999999,0.04923910839889739,60.0,50.0,50
pandalm,llm_budget,large6,50.0,60,dial_mu,0.05730103117663445,0.005043482290877247,0.5319999999999999,0.03773592452822641,60.0,50.0,50
pandalm,llm_budget,large6,50.0,60,human_only,0.04890901636011336,0.005108804220110319,0.6399999999999999,0.03129843185743806,60.0,50.0,50
pandalm,llm_budget,large6,100.0,60,consensus_cal,0.05283884253443794,0.0044529453232330365,0.39599999999999996,0.05030194543241558,60.0,100.0,50
pandalm,llm_budget,large6,100.0,60,dial_margin_1,0.04834133891601712,0.004827907339852595,0.544,0.05175767713931087,60.0,100.0,50
pandalm,llm_budget,large6,100.0,60,dial_mu,0.04878387261004976,0.004953167296726507,0.58,0.04435478484645721,60.0,100.0,50
pandalm,llm_budget,large6,100.0,60,human_only,0.04890901636011336,0.005108804220110319,0.6399999999999999,0.03129843185743806,60.0,100.0,50
pandalm,llm_budget,large6,250.0,60,consensus_cal,0.02997341665162169,0.0035172485034180145,0.68,0.030237157840738174,60.0,250.0,50
pandalm,llm_budget,large6,250.0,60,dial_margin_1,0.03254012173967493,0.0038033534911868293,0.708,0.026316751862101615,60.0,250.0,50
pandalm,llm_budget,large6,250.0,60,dial_mu,0.03371816974740671,0.004026653803366203,0.7,0.028713930346059676,60.0,250.0,50
pandalm,llm_budget,large6,250.0,60,human_only,0.04890901636011336,0.005108804220110319,0.6399999999999999,0.03129843185743806,60.0,250.0,50
pandalm,llm_budget,large6,1000.0,60,consensus_cal,0.018303781781282082,0.001940472767907959,0.7719999999999999,0.02491454783610473,60.0,1000.0,50
pandalm,llm_budget,large6,1000.0,60,dial_margin_1,0.02553163744460218,0.003776912715359109,0.7559999999999999,0.027576979456031214,60.0,1000.0,50
pandalm,llm_budget,large6,1000.0,60,dial_mu,0.027526188220749863,0.0038542110944494164,0.7439999999999999,0.026826730501269717,60.0,1000.0,50
pandalm,llm_budget,large6,1000.0,60,human_only,0.04890901636011336,0.005108804220110319,0.6399999999999999,0.03129843185743806,60.0,1000.0,50
pandalm,llm_budget,small6,25.0,60,consensus_cal,0.06265085583806843,0.0042348465005252025,0.33599999999999997,0.04587115940660452,60.0,25.0,50
pandalm,llm_budget,small6,25.0,60,dial_margin_1,0.055329624938757954,0.004861720896908301,0.5399999999999999,0.04823412290324038,60.0,25.0,50
pandalm,llm_budget,small6,25.0,60,dial_mu,0.05162078046753683,0.004671449252964049,0.58,0.04435478484645721,60.0,25.0,50
pandalm,llm_budget,small6,25.0,60,human_only,0.04890901636011336,0.005108804220110319,0.6399999999999999,0.03129843185743806,60.0,25.0,50
pandalm,llm_budget,small6,50.0,60,consensus_cal,0.062335614630486154,0.004457246571401646,0.27999999999999997,0.0511101251999952,60.0,50.0,50
pandalm,llm_budget,small6,50.0,60,dial_margin_1,0.05774994182484728,0.00516934601520327,0.49599999999999994,0.048230737933735286,60.0,50.0,50
pandalm,llm_budget,small6,50.0,60,dial_mu,0.0525788214943393,0.005078468559098097,0.568,0.04476149949157974,60.0,50.0,50
pandalm,llm_budget,small6,50.0,60,human_only,0.04890901636011336,0.005108804220110319,0.6399999999999999,0.03129843185743806,60.0,50.0,50
pandalm,llm_budget,small6,100.0,60,consensus_cal,0.05411719488754232,0.004013656614979901,0.35600000000000004,0.054597600306091044,60.0,100.0,50
pandalm,llm_budget,small6,100.0,60,dial_margin_1,0.05250142158400317,0.004833391354471065,0.5599999999999999,0.04642307659791978,60.0,100.0,50
pandalm,llm_budget,small6,100.0,60,dial_mu,0.050616733821006406,0.005024497392258153,0.596,0.04332694877089683,60.0,100.0,50
pandalm,llm_budget,small6,100.0,60,human_only,0.04890901636011336,0.005108804220110319,0.6399999999999999,0.03129843185743806,60.0,100.0,50
pandalm,llm_budget,small6,250.0,60,consensus_cal,0.03460487106921131,0.0031973526848673504,0.632,0.030962782135186436,60.0,250.0,50
pandalm,llm_budget,small6,250.0,60,dial_margin_1,0.0399716051771798,0.003904457135066218,0.6519999999999999,0.030134392853566196,60.0,250.0,50
pandalm,llm_budget,small6,250.0,60,dial_mu,0.04127326223047276,0.004138025389909789,0.6519999999999999,0.029030596104869796,60.0,250.0,50
pandalm,llm_budget,small6,250.0,60,human_only,0.04890901636011336,0.005108804220110319,0.6399999999999999,0.03129843185743806,60.0,250.0,50
pandalm,llm_budget,small6,1000.0,60,consensus_cal,0.019591916587697617,0.002032526120348431,0.768,0.022395334791160484,60.0,1000.0,50
pandalm,llm_budget,small6,1000.0,60,dial_margin_1,0.026488946153946327,0.004155940953809782,0.7639999999999999,0.025356237408381475,60.0,1000.0,50
pandalm,llm_budget,small6,1000.0,60,dial_mu,0.0269636993097877,0.004180534367465972,0.76,0.024907993963089552,60.0,1000.0,50
pandalm,llm_budget,small6,1000.0,60,human_only,0.04890901636011336,0.005108804220110319,0.6399999999999999,0.03129843185743806,60.0,1000.0,50
